Sim,Time,FILE
run01,1,data/run01_1.vti
run01,2,data/run01_2.vti
run01,3,data/run01_3.vti
run01,4,data/run01_4.vti
run01,5,data/run01_5.vti
run01,6,data/run01_6.vti
run01,7,data/run01_7.vti
run01,8,data/run01_8.vti
run01,9,data/run01_9.vti
run01,10,data/run01_10.vti
run01,12,data/run01_12.vti
run01,13,data/run01_13.vti
run01,14,data/run01_14.vti
run01,15,data/run01_15.vti
run01,16,data/run01_16.vti
run01,17,data/run01_17.vti
run01,18,data/run01_18.vti
run01,19,data/run01_19.vti
run01,20,data/run01_20.vti
run01,21,data/run01_21.vti
run01,22,data/run01_22.vti
run01,23,data/run01_23.vti
run01,24,data/run01_24.vti
run01,25,data/run01_25.vti
run01,26,data/run01_26.vti
run01,27,data/run01_27.vti
run01,28,data/run01_28.vti
run01,29,data/run01_29.vti
run01,30,data/run01_30.vti
run01,31,data/run01_31.vti
run01,32,data/run01_32.vti
run01,33,data/run01_33.vti
run01,34,data/run01_34.vti
run01,35,data/run01_35.vti
run01,36,data/run01_36.vti
run01,37,data/run01_37.vti
run01,38,data/run01_38.vti
run01,39,data/run01_39.vti
run01,40,data/run01_40.vti
run01,41,data/run01_41.vti
run01,42,data/run01_42.vti
run01,43,data/run01_43.vti
run01,44,data/run01_44.vti
run01,45,data/run01_45.vti
run01,46,data/run01_46.vti
run01,47,data/run01_47.vti
run01,48,data/run01_48.vti
run01,49,data/run01_49.vti
run01,50,data/run01_50.vti
run01,51,data/run01_51.vti
run01,52,data/run01_52.vti
run01,53,data/run01_53.vti
run01,54,data/run01_54.vti
run01,55,data/run01_55.vti
run01,56,data/run01_56.vti
run01,57,data/run01_57.vti
run01,58,data/run01_58.vti
run01,59,data/run01_59.vti
run01,60,data/run01_60.vti
run01,61,data/run01_61.vti
run01,62,data/run01_62.vti
run01,63,data/run01_63.vti
run01,64,data/run01_64.vti
run01,65,data/run01_65.vti
run01,66,data/run01_66.vti
run01,67,data/run01_67.vti
run01,68,data/run01_68.vti
run01,69,data/run01_69.vti
run01,70,data/run01_70.vti
run01,71,data/run01_71.vti
run01,72,data/run01_72.vti
run01,73,data/run01_73.vti
run01,74,data/run01_74.vti
run01,75,data/run01_75.vti
run01,76,data/run01_76.vti
run01,77,data/run01_77.vti
run01,78,data/run01_78.vti
run01,79,data/run01_79.vti
run01,80,data/run01_80.vti
run01,81,data/run01_81.vti
run01,82,data/run01_82.vti
run01,83,data/run01_83.vti
run01,84,data/run01_84.vti
run01,85,data/run01_85.vti
run01,86,data/run01_86.vti
run01,87,data/run01_87.vti
run01,88,data/run01_88.vti
run01,89,data/run01_89.vti
run01,90,data/run01_90.vti
run01,91,data/run01_91.vti
run01,92,data/run01_92.vti
run01,93,data/run01_93.vti
run01,94,data/run01_94.vti
run01,95,data/run01_95.vti
run01,96,data/run01_96.vti
run01,97,data/run01_97.vti
run01,98,data/run01_98.vti
run01,99,data/run01_99.vti
run01,11,data/run01_11.vti
